RegionName,RegionType,StateName,12/31/2020,3/31/2026
United States,country,,271027.7691,366018.8152
"New York, NY",msa,NY,528873.8935,715583.95
"Los Angeles, CA",msa,CA,735279.017,967836.2013
"Chicago, IL",msa,IL,252509.4816,344686.9921
"Dallas, TX",msa,TX,281917.1103,364734.09
"Houston, TX",msa,TX,242459.2026,307492.5203
"Washington, DC",msa,VA,473215.0555,580334.5892
"Philadelphia, PA",msa,PA,277084.0212,383957.8306
"Miami, FL",msa,FL,324974.4158,472936.5813
"Atlanta, GA",msa,GA,275206.52,379509.11
"Boston, MA",msa,MA,543486.21,731138.558
"Phoenix, AZ",msa,AZ,339466.8257,448160.2266
"San Francisco, CA",msa,CA,1007509.919,1143246.412
"Riverside, CA",msa,CA,426269.7409,585180.6157
"Detroit, MI",msa,MI,193701.0939,262839.8218
"Seattle, WA",msa,WA,581550.9192,751552.4489
"Minneapolis, MN",msa,MN,316474.3976,386374.184
"San Diego, CA",msa,CA,672415.0487,941934.5225
"Tampa, FL",msa,FL,258741.7283,357964.9006
"Denver, CO",msa,CO,475684.0394,573362.9031
"Baltimore, MD",msa,MD,319044.2651,399959.8142
"St. Louis, MO",msa,MO,201867.3305,270704.4865
"Orlando, FL",msa,FL,280641.9567,385990.82
"Charlotte, NC",msa,NC,271879.1899,387279.012
"San Antonio, TX",msa,TX,233148.0171,279025.6463
"Portland, OR",msa,OR,455246.6852,549144.1051
"Sacramento, CA",msa,CA,479257.2294,580005.9659
"Pittsburgh, PA",msa,PA,183414.0309,224487.2591
"Cincinnati, OH",msa,OH,220283.1819,305194.8392
"Austin, TX",msa,TX,368567.9826,427044.7521
"Las Vegas, NV",msa,NV,314362.1594,431014.88
"Kansas City, MO",msa,MO,233653.2393,323088.46
"Columbus, OH",msa,OH,236631.1354,326730.1089
"Indianapolis, IN",msa,IN,207887.5477,290744.5747
"Cleveland, OH",msa,OH,170664.0801,244469.0815
"San Jose, CA",msa,CA,1246046.593,1636392.733
"Nashville, TN",msa,TN,329089.9594,453872.5633
"Virginia Beach, VA",msa,VA,272557.7119,369237.9758
"Providence, RI",msa,RI,351004.459,514315.2176
"Jacksonville, FL",msa,FL,255410.9618,348911.57
"Milwaukee, WI",msa,WI,270344.817,379291.41
"Oklahoma City, OK",msa,OK,180509.8905,244630.2918
"Raleigh, NC",msa,NC,316160.0238,436132.6376
"Memphis, TN",msa,TN,186237.5484,244084.2496
"Richmond, VA",msa,VA,281198.1975,391101.7896
"Louisville, KY",msa,KY,209651.1808,277723.5848
"New Orleans, LA",msa,LA,257772.2483,256891.7931
"Salt Lake City, UT",msa,UT,417181.7854,564834.9693
"Hartford, CT",msa,CT,251839.0999,389416.0813
"Buffalo, NY",msa,NY,192399.8927,278777.3082
"Birmingham, AL",msa,AL,203300.1815,259032.55
"Rochester, NY",msa,NY,180904.3143,273095.674
"Grand Rapids, MI",msa,MI,242133.1555,350806.2062
"Tucson, AZ",msa,AZ,260785.5467,342047.4254
"Urban Honolulu, HI",msa,HI,695212.152,854778.1361
"Tulsa, OK",msa,OK,178915.6095,250274.8652
"Fresno, CA",msa,CA,303311.5504,409963.1223
"Worcester, MA",msa,MA,328462.4931,472894.6396
"Omaha, NE",msa,NE,224702.53,304632.4245
"Bridgeport, CT",msa,CT,452305.2917,674486.50
"Greenville, SC",msa,SC,220986.2408,310898.0151
"Albuquerque, NM",msa,NM,240747.8238,348859.6422
"Bakersfield, CA",msa,CA,258716.8003,363091.1836
"Albany, NY",msa,NY,256135.6212,360401.1379
"Knoxville, TN",msa,TN,223992.9996,361803.8792
"Baton Rouge, LA",msa,LA,205724.6765,245384.5569
"McAllen, TX",msa,TX,135833.2866,193560.984
"New Haven, CT",msa,CT,255176.5307,397332.8624
"El Paso, TX",msa,TX,158054.5605,230500.1377
"Allentown, PA",msa,PA,246110.4365,357470.0894
"Oxnard, CA",msa,CA,686913.3439,885255.455
"Columbia, SC",msa,SC,177673.1061,253198.6229
"North Port, FL",msa,FL,304037.5314,403900.2312
"Charleston, SC",msa,SC,295653.2305,430380.8942
"Greensboro, NC",msa,NC,190467.4708,263849.8309
"Stockton, CA",msa,CA,438950.32,532709.7846
"Cape Coral, FL",msa,FL,259172.2614,339951.875
"Boise City, ID",msa,ID,374937.56,488569.9783
"Colorado Springs, CO",msa,CO,374138.5465,455896.7502
"Little Rock, AR",msa,AR,174484.2648,227427.7565
"Lakeland, FL",msa,FL,218603.0161,298009.1621
"Akron, OH",msa,OH,167482.4597,235211.8126
"Des Moines, IA",msa,IA,224634,290939.6654
"Springfield, MA",msa,MA,261373.478,366073.65
"Ogden, UT",msa,UT,368873.9862,515981.2047
"Madison, WI",msa,WI,317307.1016,443055.9359
"Winston, NC",msa,NC,195997.672,280078.4807
"Deltona, FL",msa,FL,245395.9697,328408.45
"Syracuse, NY",msa,NY,162014.0346,254402.04
"Provo, UT",msa,UT,401589.6326,542078.1389
"Toledo, OH",msa,OH,145209.9163,197171.5467
"Wichita, KS",msa,KS,156234.86,220488.068
"Durham, NC",msa,NC,292949.1935,409974.2229
"Augusta, GA",msa,GA,179685.4482,246559.8938
"Palm Bay, FL",msa,FL,251866.8891,341313.1012
"Jackson, MS",msa,MS,162188.9477,210759.1149
"Harrisburg, PA",msa,PA,218784.6329,306956.08
"Spokane, WA",msa,WA,316122.7835,416800.1734
"Scranton, PA",msa,PA,153664.1779,217200.1858
"Chattanooga, TN",msa,TN,227451.8088,322364.41
"Modesto, CA",msa,CA,365864.4931,467165.145
"Lancaster, PA",msa,PA,263257.0654,381586.2344
"Portland, ME",msa,ME,364447.6036,532238.4491
"Youngstown, OH",msa,OH,113152.683,168081.7346
"Lansing, MI",msa,MI,178716.6375,243358.9159
"Fayetteville, AR",msa,AR,234928.0764,366287.966
"Fayetteville, NC",msa,NC,170829.8295,256408.288
"Lexington, KY",msa,KY,223768.2925,322342.336
"Pensacola, FL",msa,FL,227077.96,307685.3805
"Santa Rosa, CA",msa,CA,694626.0239,792139.7906
"Reno, NV",msa,NV,429478.7626,565205.4185
"Huntsville, AL",msa,AL,233752.8744,313545.2604
"Port St. Lucie, FL",msa,FL,263802.8004,380961.78
"Lafayette, LA",msa,LA,194351.2115,199673.9238
"Myrtle Beach, SC",msa,SC,239481.3319,337427.7686
"Springfield, MO",msa,MO,184221.105,267878.148
"Visalia, CA",msa,CA,264249.9048,360203.7503
"Killeen, TX",msa,TX,188204.8542,251492.28
"Asheville, NC",msa,NC,310816.2482,423945.9794
"York, PA",msa,PA,213500.2348,305197.8086
"Vallejo, CA",msa,CA,496899.1727,577134.1083
"Santa Maria, CA",msa,CA,672166.6445,994378.4704
"Salinas, CA",msa,CA,663740.6623,849199.1798
"Salem, OR",msa,OR,351005.6778,450410.1968
"Mobile, AL",msa,AL,149066.9989,193474.0941
"Reading, PA",msa,PA,210758.4085,306724.8006
"Corpus Christi, TX",msa,TX,195697.1809,222738.5976
"Brownsville, TX",msa,TX,142105.0868,205777.3156
"Manchester, NH",msa,NH,342894.5845,517339.0973
"Fort Wayne, IN",msa,IN,171391.0755,253607.3448
"Gulfport, MS",msa,MS,168300.8659,219770.6115
"Salisbury, MD",msa,DE,313533.4176,423435.0349
"Flint, MI",msa,MI,133873.10,189843.4323
"Peoria, IL",msa,IL,114779.7835,164789.7162
"Canton, OH",msa,OH,147956.9367,210659.6677
"Savannah, GA",msa,GA,232477.9282,348096.9444
"Anchorage, AK",msa,AK,333096.6323,414590.6097
"Beaumont, TX",msa,TX,169374.097,180249.913
"Shreveport, LA",msa,LA,169722.8933,175211.8765
"Trenton, NJ",msa,NJ,296599.1126,439746.6485
"Montgomery, AL",msa,AL,158965.4262,211361.9099
"Davenport, IA",msa,IL,150890.573,187524.5779
"Tallahassee, FL",msa,FL,215227.5529,280421.8034
"Eugene, OR",msa,OR,352300.8103,452764.0107
"Naples, FL",msa,FL,380645.76,559053.50
"Ann Arbor, MI",msa,MI,323550.1917,413404.1634
"Ocala, FL",msa,FL,190594.6521,273943.1382
"Hickory, NC",msa,NC,185034.7059,268019.3379
"Huntington, WV",msa,OH,129332.7865,161390.466
"Fort Collins, CO",msa,CO,445532.3203,552907.74
"Rockford, IL",msa,IL,129653.3705,213899.603
"Lincoln, NE",msa,NE,218435.5783,299450.3293
"Gainesville, FL",msa,FL,227646.7354,303267.17
"Boulder, CO",msa,CO,598097.6701,725121.4019
"Green Bay, WI",msa,WI,219371.2211,337973.5416
"Columbus, GA",msa,GA,149135.0371,207454.3339
"South Bend, IN",msa,IN,156697.3247,232235.1241
"Spartanburg, SC",msa,SC,190539.4904,276827.0838
"Greeley, CO",msa,CO,408881.5483,494680.3318
"Lubbock, TX",msa,TX,169227.9488,210511.1457
"Clarksville, TN",msa,TN,206979.4309,293289.3771
"Roanoke, VA",msa,VA,206419.7677,295390.9176
"Evansville, IN",msa,IN,157125.6301,222397.3378
"Kingsport, TN",msa,TN,161514.1322,242934.0332
"Kennewick, WA",msa,WA,338118.34,438868.602
"Utica, NY",msa,NY,147504.1282,220370.8664
"Hagerstown, MD",msa,MD,226495.6456,320031.24
"Duluth, MN",msa,MN,179651.604,253294.0614
"Olympia, WA",msa,WA,404656.2868,529713.4802
"Longview, TX",msa,TX,169522.3759,217523.3088
"Wilmington, NC",msa,NC,302105.8083,442796.7247
"San Luis Obispo, CA",msa,CA,671092.1876,906933.53
"Crestview, FL",msa,FL,337736.7847,440689.2324
"Merced, CA",msa,CA,321104.1714,418059.561
"Waco, TX",msa,TX,187220.6926,252573.407
"Cedar Rapids, IA",msa,IA,178776.4772,236652.0453
"Atlantic City, NJ",msa,NJ,230119.9271,376753.3156
"Bremerton, WA",msa,WA,464692.0468,581168.7927
"Sioux Falls, SD",msa,SD,245025.8602,336938.1653
"Santa Cruz, CA",msa,CA,900833.4399,1149535.962
"Erie, PA",msa,PA,145975.5735,216189.0672
"Norwich, CT",msa,CT,265823.0561,414988.2205
"Amarillo, TX",msa,TX,160168.3985,216744.1332
"Laredo, TX",msa,TX,182030.1018,216264.55
"Tuscaloosa, AL",msa,AL,179990.9246,221537.9013
"College Station, TX",msa,TX,242918.4916,308291.9152
"Kalamazoo, MI",msa,MI,198185.8567,270200.4784
"Lynchburg, VA",msa,VA,202962.8685,285311.7933
"Charleston, WV",msa,WV,112289.364,147011.5018
"Yakima, WA",msa,WA,273544.3541,350639.9753
"Fargo, ND",msa,ND,252835.6889,318546.43
"Binghamton, NY",msa,NY,128257.0585,190419.3118
"Fort Smith, AR",msa,AR,146882.4541,201421.1435
"Appleton, WI",msa,WI,224471.482,343139.7057
"Topeka, KS",msa,KS,147583.1732,212226.878
"Macon, GA",msa,GA,137967.6871,195110.5801
"Tyler, TX",msa,TX,196642.0787,269252.9915
"Barnstable Town, MA",msa,MA,487977.6336,750048.4346
"Daphne, AL",msa,AL,275411.5198,369798.006
"Bellingham, WA",msa,WA,462661.7518,615912.5184
"Burlington, VT",msa,VT,348922.596,469400.63
"Rochester, MN",msa,MN,256080.4494,335379.71
"Lafayette, IN",msa,IN,192456.8709,280261.186
"Champaign, IL",msa,IL,165451.313,229686.7629
"Medford, OR",msa,OR,357039.1886,434492.5762
"Charlottesville, VA",msa,VA,349001.0917,466200.5707
"Lake Charles, LA",msa,LA,218426.7302,194066.4261
"Las Cruces, NM",msa,NM,201201.3948,287471.3122
"Chico, CA",msa,CA,366757.5197,402225.121
"Hilton Head Island, SC",msa,SC,335357.0896,518985.5336
"Athens, GA",msa,GA,247792.2858,365866.2569
"Lake Havasu City, AZ",msa,AZ,266860.0729,350640.9743
"Columbia, MO",msa,MO,223021.2097,318020.133
"Springfield, IL",msa,IL,144193.7994,191013.1608
"Houma, LA",msa,LA,215423.4391,182265.5259
"Monroe, LA",msa,LA,143228.6918,161055.2249
"Elkhart, IN",msa,IN,179825.9204,259366.3234
"Johnson City, TN",msa,TN,186102.0452,278441.4649
"Yuma, AZ",msa,AZ,189971.9956,284275.0448
"Gainesville, GA",msa,GA,267611.5599,389650.0047
"Jacksonville, NC",msa,NC,189675.3554,289953.7983
"Florence, SC",msa,SC,139692.9023,189354.1624
"Hilo, HI",msa,HI,417759.5987,567768.7576
"St. Cloud, MN",msa,MN,223228.1035,310607.7431
"Racine, WI",msa,WI,212835.5925,304767.9096
"Bend, OR",msa,OR,496565.8793,667875.7129
"Saginaw, MI",msa,MI,110310.0326,167813.4048
"Warner Robins, GA",msa,GA,169133.0456,251182.6907
"Terre Haute, IN",msa,IN,116376.9015,162803.3099
"Torrington, CT",msa,CT,268310.9357,415768.6824
"Punta Gorda, FL",msa,FL,246773.497,297796.1712
"Billings, MT",msa,MT,281997.698,402381.0257
"Redding, CA",msa,CA,310190.6264,370921.5777
"Kingston, NY",msa,NY,278863.6849,431549.6855
"Panama City, FL",msa,FL,255380.7887,342265.3059
"Joplin, MO",msa,MO,153756.271,222493.3455
"Dover, DE",msa,DE,258285.5398,368537.0993
"El Centro, CA",msa,CA,262950.4375,378185.8923
"Jackson, TN",msa,TN,148038.7768,205612.3634
"Yuba City, CA",msa,CA,347445.8786,430175.5486
"Bowling Green, KY",msa,KY,191906.7135,265770.561
"St. George, UT",msa,UT,381854.9449,529499.8387
"Muskegon, MI",msa,MI,171362.0269,247208.8932
"Abilene, TX",msa,TX,159250.3532,208262.5641
"Iowa City, IA",msa,IA,226883.8632,295465.4794
"Auburn, AL",msa,AL,250126.7559,344152.3012
"Midland, TX",msa,TX,286075.00,327523.4092
"Bloomington, IL",msa,IL,177476.9572,251573.9481
"Hattiesburg, MS",msa,MS,169056.0039,215073.8901
"Oshkosh, WI",msa,WI,204963.6037,297148.8852
"Eau Claire, WI",msa,WI,225841.1235,314532.1568
"Greenville, NC",msa,NC,162370.0877,243782.88
"Burlington, NC",msa,NC,193937.7191,294276.9548
"Waterloo, IA",msa,IA,145990.5728,194351.7094
"Coeur d'Alene, ID",msa,ID,418696.1445,596765.8602
"East Stroudsburg, PA",msa,PA,204204.6634,309095.4614
"Pueblo, CO",msa,CO,228452.9524,284528.0467
"Blacksburg, VA",msa,VA,214780.3829,283825.2188
"Wausau, WI",msa,WI,179214.1507,264098.5632
"Kahului, HI",msa,HI,744110.0609,998804.16
"Janesville, WI",msa,WI,188099.6019,286949.339
"Tupelo, MS",msa,MS,141877.1804,186379.699
"Bloomington, IN",msa,IN,221856.804,298592.5276
"Odessa, TX",msa,TX,224449.5941,253364.9974
"Jackson, MI",msa,MI,167498.764,221070.4981
"State College, PA",msa,PA,275205.8426,345541.1746
"Sebastian, FL",msa,FL,264383.2234,363843.6549
"Madera, CA",msa,CA,310946.4929,425128.5703
"Decatur, AL",msa,AL,177587.7494,232349.5625
"Chambersburg, PA",msa,PA,216803.5342,287828.0151
"Vineland, NJ",msa,NJ,175035.8657,271130.2027
"Idaho Falls, ID",msa,ID,297679.6598,408191.6127
"Grand Junction, CO",msa,CO,303296.1852,430875.9766
"Elizabethtown, KY",msa,KY,180829.774,249385.5268
"Niles, MI",msa,MI,194416.6854,271066.0884
"Monroe, MI",msa,MI,195671.5451,262027.5219
"Santa Fe, NM",msa,NM,428972.3834,551949.3155
"Concord, NH",msa,NH,308143.1497,483963.258
"Alexandria, LA",msa,LA,162328.4156,167353.0754
"Traverse City, MI",msa,MI,273086.3994,410708.0922
"Bangor, ME",msa,ME,181428.4755,272562.0649
"Homosassa Springs, FL",msa,FL,191270.33,271923.1585
"Hanford, CA",msa,CA,263244.2362,364471.8122
"Jefferson City, MO",msa,MO,189682.0969,269496.1961
"Florence, AL",msa,AL,155841.8787,213916.6567
"Dothan, AL",msa,AL,145721.624,192865.2429
"London, KY",msa,KY,125016.0096,159520.2867
"Albany, GA",msa,GA,117807.3266,165161.0815
"Sioux City, IA",msa,IA,164970.6822,219867.0751
"Wichita Falls, TX",msa,TX,128341.7179,173505.8121
"Texarkana, TX",msa,TX,158769.0824,181133.0848
"Valdosta, GA",msa,GA,150752.3176,222591.216
"Logan, UT",msa,UT,329827.9828,464808.5081
"Flagstaff, AZ",msa,AZ,415519.7836,623166.4185
"Rocky Mount, NC",msa,NC,140205.0576,198891.2841
"Pottsville, PA",msa,PA,106507.8711,161528.2435
"Dalton, GA",msa,GA,168515.2712,248656.0762
"Lebanon, PA",msa,PA,216125.0621,312950.799
"Morristown, TN",msa,TN,192094.6504,296544.9544
"Winchester, VA",msa,VA,282498.6172,384161.5872
"Wheeling, WV",msa,OH,119164.429,137489.3488
"Morgantown, WV",msa,WV,182443.157,222737.7924
"La Crosse, WI",msa,WI,233619.6087,325133.9587
"Napa, CA",msa,CA,770983.2598,887171.2685
"Rapid City, SD",msa,SD,254240.7122,369930.4982
"Sumter, SC",msa,SC,171329.2862,207692.2
"Eureka, CA",msa,CA,423483.1484,425036.8126
"Springfield, OH",msa,OH,131493.4967,198634.5857
"Harrisonburg, VA",msa,VA,257165.1468,347532.0043
"Battle Creek, MI",msa,MI,129335.6902,183783.0232
"Sherman, TX",msa,TX,219572.8023,289267.8472
"Manhattan, KS",msa,KS,195500.0081,266595.12
"Carbondale, IL",msa,IL,119555.8669,144341.4068
"Johnstown, PA",msa,PA,106350.1931,95547.25049
"Jonesboro, AR",msa,AR,154654.4227,201340.2093
"Bismarck, ND",msa,ND,266198.201,349989.0743
"Hammond, LA",msa,LA,208489.6122,222960.8758
"Pittsfield, MA",msa,MA,258404.1565,382931.0283
"Mount Vernon, WA",msa,WA,437001.9185,581868.6757
"Jamestown, NY",msa,NY,113733.3484,169267.4386
"The Villages, FL",msa,FL,300543.2135,391377.4642
"Albany, OR",msa,OR,303190.257,409113.7143
"Glens Falls, NY",msa,NY,215587.0342,303525.3107
"Lawton, OK",msa,OK,109037.5779,151139.6074
"Cleveland, TN",msa,TN,209799.7796,308473.0816
"Sierra Vista, AZ",msa,AZ,201811.1454,260803.64
"Ames, IA",msa,IA,202838.5087,262596.9286
"Mansfield, OH",msa,OH,125777.2018,192902.4352
"Staunton, VA",msa,VA,242114.40,326980.5899
"Augusta, ME",msa,ME,201090.5236,311140.4247
"Altoona, PA",msa,PA,143932.7183,169516.3072
"New Bern, NC",msa,NC,172057.8178,260658.8765
"Farmington, NM",msa,NM,197876.2501,269820.6949
"St. Joseph, MO",msa,MO,150760.7306,210390.9459
"San Angelo, TX",msa,TX,182897.9181,237386.3525
"Wenatchee, WA",msa,WA,409854.4247,516937.8612
"Owensboro, KY",msa,KY,153724.9627,209914.3043
"Holland, MI",msa,MI,236750.1076,342797.9667
"Lumberton, NC",msa,NC,98549.85962,135510.2882
"Lawrence, KS",msa,KS,235417.2992,333725.3935
"Goldsboro, NC",msa,NC,147910.2413,186076.49
"Watertown, NY",msa,NY,163944.9934,220939.4198
"Sheboygan, WI",msa,WI,207271.8859,315763.3246
"Weirton, WV",msa,OH,98250.28,130646.7337
"Missoula, MT",msa,MT,375863.5856,570473.31
"Bozeman, MT",msa,MT,506517.6872,697179.8733
"Anniston, AL",msa,AL,139332.4974,171238.2376
"Beckley, WV",msa,WV,104451.6605,145531.0584
"Williamsport, PA",msa,PA,178160.9885,228827.9847
"Brunswick, GA",msa,GA,228971.3712,323882.7107
"California, MD",msa,MD,345130.38,429633.0999
"Twin Falls, ID",msa,ID,260578.9443,380379.9623
"Cookeville, TN",msa,TN,201965.4153,294921.2986
"Muncie, IN",msa,IN,107971.2239,165529.4864
"Michigan City, IN",msa,IN,171534.5097,252903.6191
"Roseburg, OR",msa,OR,255921.3146,342204.8709
"Lewiston, ME",msa,ME,213645.8648,325910.91
"Longview, WA",msa,WA,327970.6483,416984.8577
"Ogdensburg, NY",msa,NY,101394.2916,137821.1644
"Kankakee, IL",msa,IL,156390.2966,217339.3389
"Bluefield, WV",msa,VA,102737.5343,140525.2215
"Show Low, AZ",msa,AZ,276814.4264,395379.3928
"Richmond, KY",msa,KY,185238.6303,262209.5967
"Tullahoma, TN",msa,TN,207140.0246,315761.1785
"Whitewater, WI",msa,WI,285087.3358,404317.6049
"Ithaca, NY",msa,NY,244296.428,347584.3644
"Grand Forks, ND",msa,MN,213300.6603,270138.9764
"Decatur, IL",msa,IL,88568.26117,123068.23
"LaGrange, GA",msa,GA,137350.3716,202423.7461
"Bay City, MI",msa,MI,122205.5886,179451.0744
"Fond du Lac, WI",msa,WI,186993.3757,282899.2987
"Gettysburg, PA",msa,PA,241336.2242,330261.3973
"Gadsden, AL",msa,AL,135176.9642,180668.4639
"Kalispell, MT",msa,MT,399312.1092,639763.7534
"Danville, VA",msa,VA,114678.50,164317.5629
"Mankato, MN",msa,MN,223749.5858,304244.4848
"Lima, OH",msa,OH,130097.805,186337.0348
"Salem, OH",msa,OH,120430.4883,156741.999
"Truckee, CA",msa,CA,528260.5478,611955.9571
"Sebring, FL",msa,FL,155490.2626,233169.8965
"Cheyenne, WY",msa,WY,330121.4212,388718.8761
"Hot Springs, AR",msa,AR,169324.36,244736.8475
"Adrian, MI",msa,MI,174503.5079,236514.5609
"Shelby, NC",msa,NC,166223.9417,209442.2961
"Dubuque, IA",msa,IA,196995.7184,272854.8432
"Meridian, MS",msa,MS,108705.4934,120739.3664
"Pinehurst, NC",msa,NC,273913.4938,413121.1464
"Paducah, KY",msa,KY,127202.1309,169255.1867
"Victoria, TX",msa,TX,181210.983,220321.3076
"Rome, GA",msa,GA,161541.0477,231476.5023
"Sevierville, TN",msa,TN,296476.1443,405611.688
"Moses Lake, WA",msa,WA,259003.1753,359103.9838
"Ashtabula, OH",msa,OH,119314.1089,177185.2431
"Cape Girardeau, MO",msa,MO,171317.4042,228692.6115
"Albertville, AL",msa,AL,176878.2164,241698.9042
"Fairbanks, AK",msa,AK,281287.3987,303312.8571
"Brainerd, MN",msa,MN,242672.0182,352729.5593
"Cumberland, MD",msa,MD,123957.5888,162585.3475
"Ocean City, NJ",msa,NJ,493896.2224,785672.5745
"Corvallis, OR",msa,OR,422915.26,553618.3031
"Pocatello, ID",msa,ID,236683.3346,346184.1521
"Corning, NY",msa,NY,127801.1267,164946.7039
"New Philadelphia, OH",msa,OH,150017.2714,209222.9942
"Sunbury, PA",msa,PA,135001.5001,160859.0712
"Ukiah, CA",msa,CA,550446.42,489536.8281
"Hermiston, OR",msa,OR,226333.0729,307707.9629
"Clarksburg, WV",msa,WV,127053.2274,152035.2829
"Parkersburg, WV",msa,WV,129288.4717,167508.8572
"Beaver Dam, WI",msa,WI,211271.769,315100.0357
"Pine Bluff, AR",msa,AR,89563.80007,98928.53716
"Grants Pass, OR",msa,OR,327333.8343,388616.4507
"Cullman, AL",msa,AL,190520.261,255174.1065
"Lufkin, TX",msa,TX,161012.8847,196853.8683
"Zanesville, OH",msa,OH,145659.4631,207856.80
"New Castle, PA",msa,PA,120245.8546,156671.84
"Oak Harbor, WA",msa,WA,492879.81,636175.6741
"Orangeburg, SC",msa,SC,135274.9337,160199.9808
"Watertown, WI",msa,WI,252747.2754,359877.0822
"Meadville, PA",msa,PA,124864.2363,157678.7
"Elmira, NY",msa,NY,115826.6511,152652.1744
"Great Falls, MT",msa,MT,209850.0017,337156.4872
"Laurel, MS",msa,MS,142178.8161,153405.9687
"Russellville, AR",msa,AR,156787.1258,196132.95
"Indiana, PA",msa,PA,126993.3063,161567.4414
"Midland, MI",msa,MI,168745.1857,240609.7138
"Kokomo, IN",msa,IN,124190.382,189572.9471
"Bloomsburg, PA",msa,PA,207844.6606,246262.4196
"Opelousas, LA",msa,LA,152740.2437,126417.4572
"Helena, MT",msa,MT,308283.396,470511.6208
"Key West, FL",msa,FL,650293.9072,953368.8647
"Talladega, AL",msa,AL,141993.33,181168.7769
"Stillwater, OK",msa,OK,180319.1511,239969.3686
"Columbus, IN",msa,IN,191033.5821,272361.0609
"Athens, TX",msa,TX,209833.9708,266112.9786
"Centralia, WA",msa,WA,311467.3813,432761.2817
"Manitowoc, WI",msa,WI,161316.044,255220.2192
"Hinesville, GA",msa,GA,162978.1887,256427.5464
"DuBois, PA",msa,PA,134069.7821,132933.1495
"Warsaw, IN",msa,IN,201464.3296,280152.7491
"Plattsburgh, NY",msa,NY,159045.7133,219761.7124
"Statesboro, GA",msa,GA,174679.669,283263.2812
"Casper, WY",msa,WY,230200.1649,308479.5721
"Wilson, NC",msa,NC,144087.4881,221170.4588
"Glenwood Springs, CO",msa,CO,597475.83,980700.4016
"Seneca, SC",msa,SC,197614.51,287575.1579
"Minot, ND",msa,ND,207393.4125,265322.0627
"Olean, NY",msa,NY,106746.8009,157746.1805
"Chillicothe, OH",msa,OH,144623.0122,198407.0222
"Searcy, AR",msa,AR,142071.4615,203387.3678
"Grand Island, NE",msa,NE,182084.3492,253724.3782
"Port Angeles, WA",msa,WA,360310.3523,491247.902
"Auburn, NY",msa,NY,156621.1112,224412.6407
"Huntsville, TX",msa,TX,222542.2453,267887.6366
"Keene, NH",msa,NH,238862.1997,380751.1898
"Heber, UT",msa,UT,762183.83,1146843.917
"Quincy, IL",msa,IL,149744.859,180813.9652
"Sandusky, OH",msa,OH,161937.9224,229732.6451
"Findlay, OH",msa,OH,176074.4107,236208.5936
"Frankfort, KY",msa,KY,167871.1112,245712.2671
"Danville, IL",msa,IL,77457.01908,95698.80698
"Aberdeen, WA",msa,WA,255769.5448,318161.1643
"Portsmouth, OH",msa,OH,98910.26219,139346.4037
"Somerset, PA",msa,PA,133663.9291,173656.8285
"Wisconsin Rapids, WI",msa,WI,149763.8946,223015.3697
"Jefferson, GA",msa,GA,273426.2799,405849.2802
"Kapaa, HI",msa,HI,707320.9158,1005105.843
"Palatka, FL",msa,FL,157937.4373,215211.8575
"Gallup, NM",msa,NM,192216.1839,219830.8774
"Hobbs, NM",msa,NM,251206.8719,191018.5499
"Shawnee, OK",msa,OK,128795.2954,193278.3083
"Mount Airy, NC",msa,NC,157250.4432,231745.1124
"Stevens Point, WI",msa,WI,216067.3073,314109.85
"Greeneville, TN",msa,TN,162138.5427,251725.6427
"Greenwood, SC",msa,SC,133687.14,170937.524
"Lake City, FL",msa,FL,186100.1861,269421.9869
"Klamath Falls, OR",msa,OR,214915.7066,311063.1162
"Morehead City, NC",msa,NC,312610.02,470742.5667
"Clearlake, CA",msa,CA,288584.4695,305228.9184
"Alamogordo, NM",msa,NM,154135.9497,231776.1065
"Roanoke Rapids, NC",msa,NC,86675.8887,106180.9089
"Farmington, MO",msa,MO,137865.8728,190543.9494
"Muskogee, OK",msa,OK,109669.3642,154940.8704
"Marion, IN",msa,IN,102015.1479,150332.7395
"Faribault, MN",msa,MN,260127.0995,344684.8058
"Richmond, IN",msa,IN,113124.3929,170231.478
"Marquette, MI",msa,MI,160627.1867,243592.2085
"North Wilkesboro, NC",msa,NC,156051.0434,225586.286
"Mount Pleasant, MI",msa,MI,167091.2805,222833.0916
"Rio Grande City, TX",msa,TX,161251.0922,142775.7352
"Marion, OH",msa,OH,121864.4237,178135.5075
"Baraboo, WI",msa,WI,243958.4905,330466.46
"Red Bluff, CA",msa,CA,274261.6124,318493.08
"Marinette, WI",msa,WI,127127.1545,197871.0017
"Roswell, NM",msa,NM,163019.62,170641.5644
"Shelton, WA",msa,WA,343117.6781,449927.6838
"Dublin, GA",msa,GA,139037.48,170553.4663
"Nacogdoches, TX",msa,TX,168558.73,217078.9698
"Somerset, KY",msa,KY,151494.7739,172252.8597
"Coos Bay, OR",msa,OR,269028.2102,346245.576
"Forest City, NC",msa,NC,164748.5838,222118.9554
"Martinsville, VA",msa,VA,96567.55,135974.7936
"Rexburg, ID",msa,ID,296415.7085,434510.7002
"Lewiston, ID",msa,ID,264531.0801,369772.4944
"Laconia, NH",msa,NH,309267.6479,505340.0916
"Georgetown, SC",msa,SC,265576.1623,384117.2225
"Athens, OH",msa,OH,144433.8259,180454.7509
"Sanford, NC",msa,NC,186747.2249,292350.9323
"Enid, OK",msa,OK,111924.9085,141163.2496
"Mount Vernon, OH",msa,OH,190811.3659,281688.8934
"Walla Walla, WA",msa,WA,306266.3578,413173.7757
"Albemarle, NC",msa,NC,200030.4397,303727.86
"Hutchinson, KS",msa,KS,104852.5747,151601.0862
"Hudson, NY",msa,NY,303378.03,466482.931
"Starkville, MS",msa,MS,198266.75,253204.1991
"Carlsbad, NM",msa,NM,254728.7347,247129.3338
"Gillette, WY",msa,WY,265127.0921,330275.0227
"Sturgis, MI",msa,MI,162824.0898,214226.3773
"Rutland, VT",msa,VT,217436.9137,308195.1554
"Crossville, TN",msa,TN,196555.8093,304427.4265
"Sayre, PA",msa,PA,152834.0221,200736.9244
"Salina, KS",msa,KS,130071.5791,175832.0896
"Marietta, OH",msa,OH,146556.5568,184199.9131
"Fergus Falls, MN",msa,MN,230856.6725,323144.1035
"Barre, VT",msa,VT,288237.4655,390849.7571
"Fremont, OH",msa,OH,128310.4184,182947.7865
"Oneonta, NY",msa,NY,159490.3445,205204.7233
"Columbus, MS",msa,MS,146179.4972,182786.9684
"Norwalk, OH",msa,OH,141420.773,192844.4972
"Batavia, NY",msa,NY,153991.3377,217962.1541
"Ardmore, OK",msa,OK,130131.6223,178983.5448
"Palestine, TX",msa,TX,161708.5843,215928.7858
"Fort Madison, IA",msa,IA,107600.8016,121994.6837
"Charleston, IL",msa,IL,111369.8296,144802.5831
"Fernley, NV",msa,NV,319186.7216,412448.3241
"Carson City, NV",msa,NV,375059.4367,492410.46
"Eagle Pass, TX",msa,TX,170752.4363,230833.6094
"Calhoun, GA",msa,GA,174302.5411,275392.2351
"Cullowhee, NC",msa,NC,273397.7461,404877.9441
"Kearney, NE",msa,NE,209572.402,290672.5294
"Fairmont, WV",msa,WV,130266.7911,160442.7711
"Ontario, OR",msa,OR,248236.8715,371325.7267
"Gaffney, SC",msa,SC,176501.1637,186457.6225
"Picayune, MS",msa,MS,147337.8832,193968.7897
"Sterling, IL",msa,IL,107155.3235,138266.1808
"Branson, MO",msa,MO,180452.083,247458.5558
"Cedar City, UT",msa,UT,281631.5495,409474.0114
"Waycross, GA",msa,GA,122124.4842,171673.7834
"Oxford, MS",msa,MS,251159.5131,401845.3168
"Jasper, IN",msa,IN,171702.7131,240950.0314
"Edwards, CO",msa,CO,769204.5863,1311613.043
"Durango, CO",msa,CO,451217.1326,673406.7911
"Kinston, NC",msa,NC,94580.30917,154034.0291
"Sonora, CA",msa,CA,333853.7955,388502.3279
"Tiffin, OH",msa,OH,127695.9627,172715.6746
"Batesville, AR",msa,AR,141112.4531,163199.1335
"Point Pleasant, WV",msa,OH,120022.2658,162375.2998
"Elko, NV",msa,NV,286180.47,367159.9084
"Danville, KY",msa,KY,144522.7313,207869.0219
"Glasgow, KY",msa,KY,150576.3876,206522.2278
"St. Marys, GA",msa,GA,204248.9151,304885.29
"Boone, NC",msa,NC,333714.3138,506588.236
"Warrensburg, MO",msa,MO,214158.0887,280804.9231
"Gloversville, NY",msa,NY,149952.2021,210959.7691
"Fort Leonard Wood, MO",msa,MO,147735.2689,225298.2931
"Poplar Bluff, MO",msa,MO,121628.5994,165950.7939
"Elizabeth City, NC",msa,NC,184120.9316,267708.7461
"Payson, AZ",msa,AZ,280225.5469,386388.3819
"Athens, TN",msa,TN,175347.1785,256632.4879
"Enterprise, AL",msa,AL,136900.8418,175252.1533
"Ashland, OH",msa,OH,160451.2795,237528.5011
"Scottsboro, AL",msa,AL,147131.9654,191459.1412
"Milledgeville, GA",msa,GA,171319.8907,232973.6388
"Kerrville, TX",msa,TX,301138.0683,371200.8058
"Bartlesville, OK",msa,OK,124892.7782,181487.1043
"Platteville, WI",msa,WI,159398.8657,222292.2458
"Corsicana, TX",msa,TX,159758.5124,228300.874
"Greenville, OH",msa,OH,138729.1951,209194.4084
"Rochelle, IL",msa,IL,154421.4841,218885.2226
"Douglas, GA",msa,GA,136603.058,175391.2745
"Oil City, PA",msa,PA,101747.3252,127342.5972
"Mason City, IA",msa,IA,142762.7333,194764.6451
"Jacksonville, TX",msa,TX,179456.3469,230230.7162
"Galesburg, IL",msa,IL,93394.15732,111792.6067
"Pahrump, NV",msa,NV,255518.2748,359450.6722
"Paris, TX",msa,TX,152175.4229,203262.9415
"Winona, MN",msa,MN,194157.7668,273298.3219
"Newport, OR",msa,OR,338075.0804,468671.959
"Morgan City, LA",msa,LA,124507.8462,111056.8556
"Shelbyville, TN",msa,TN,221936.0009,331976.8206
"Amsterdam, NY",msa,NY,146615.6189,205802.9612
"Ozark, AL",msa,AL,124715.9875,159484.4742
"Alice, TX",msa,TX,162151.485,126356.5962
"Gardnerville Ranchos, NV",msa,NV,547726.4734,694117.7582
"Fort Polk South, LA",msa,LA,154271.4765,151144.1341
"Ca-¦on City, CO",msa,CO,251876.2375,336793.7242
"Natchez, MS",msa,LA,124413.0778,114826.1792
"New Castle, IN",msa,IN,125205.6906,186372.9644
"Clovis, NM",msa,NM,158435.9051,159649.8017
"Norfolk, NE",msa,NE,181115.4603,251638.6981
"Cadillac, MI",msa,MI,164928.3959,227779.1413
"Ruston, LA",msa,LA,197753.0288,220434.7785
"Sidney, OH",msa,OH,160361.2384,239829.6958
"Pullman, WA",msa,WA,252277.6482,320730.2425
"Malone, NY",msa,NY,129457.2586,169101.2935
"Del Rio, TX",msa,TX,173047.3439,209971.4424
"Blackfoot, ID",msa,ID,268866.871,381810.0238
"Red Wing, MN",msa,MN,244948.9453,322014.2982
"Nogales, AZ",msa,AZ,203764.0801,279595.2329
"Tahlequah, OK",msa,OK,139729.561,206426.7432
"Kendallville, IN",msa,IN,167145.5636,246756.3213
"Montrose, CO",msa,CO,339919.4203,494419.9905
"Cortland, NY",msa,NY,139008.1645,196393.6081
"Mount Sterling, KY",msa,KY,146430.5814,192813.0709
"Clinton, IA",msa,IA,137311.4188,173141.2925
"Sandpoint, ID",msa,ID,442419.3899,648371.0955
"Bardstown, KY",msa,KY,184188.9034,266234.6803
"Wapakoneta, OH",msa,OH,167475.1959,235451.5535
"Plymouth, IN",msa,IN,171351.9873,253827.1011
"Lewistown, PA",msa,PA,126584.4377,190147.0115
"Bemidji, MN",msa,MN,186403.5248,261083.1761
"Bellefontaine, OH",msa,OH,184755.6253,251088.3349
"Seymour, IN",msa,IN,162167.8553,227785.6636
"Burley, ID",msa,ID,216876.9925,333018.7201
"Durant, OK",msa,OK,167083.00,226192.1354
"Moultrie, GA",msa,GA,131796.9526,171126.7687
"Bogalusa, LA",msa,LA,143310.5955,131139.8554
"Cornelia, GA",msa,GA,205933.9297,320278.1584
"Hillsdale, MI",msa,MI,155221.0716,206589.7674
"Thomasville, GA",msa,GA,157382.8627,226002.6395
"Paragould, AR",msa,AR,147857.696,190034.096
"Greenville, MS",msa,MS,127087.3903,62029.87255
"Burlington, IA",msa,IA,123368.6666,140636.5539
"Madisonville, KY",msa,KY,112600.5268,149454.9844
"Menomonie, WI",msa,WI,219720.8307,306513.516
"Shawano, WI",msa,WI,169107.4988,273171.7958
"Vicksburg, MS",msa,MS,136336.8525,145891.4524
"Bedford, IN",msa,IN,146008.92,209609.2001
"Washington, NC",msa,NC,156796.7583,233423.9325
"Freeport, IL",msa,IL,93124.31565,153740.118
"Harrison, AR",msa,AR,155989.5774,226397.6043
"Rolla, MO",msa,MO,158895.3914,229866.0546
"Coldwater, MI",msa,MI,159429.1325,200975.5545
"Marion, NC",msa,NC,200704.2188,260180.7878
"Huntingdon, PA",msa,PA,146341.62,179018.9776
"Ellensburg, WA",msa,WA,382658.34,491438.3848
"Ponca City, OK",msa,OK,87507.19098,112248.4484
"Lawrenceburg, TN",msa,TN,167142.1881,247490.4148
"McAlester, OK",msa,OK,110922.6451,147590.9817
"Mount Pleasant, TX",msa,TX,179210.547,222324.7102
"Willmar, MN",msa,MN,201508.3267,275494.3295
"Rockingham, NC",msa,NC,98867.81877,132382.6571
"Muscatine, IA",msa,IA,148380.0026,195909.6908
"Lewisburg, PA",msa,PA,211789.7833,288831.2053
"Auburn, IN",msa,IN,166912.1202,249246.2701
"Duncan, OK",msa,OK,95291.09281,140550.9923
"Sedalia, MO",msa,MO,129555.0065,193127.0441
"Cedartown, GA",msa,GA,141757.7533,221088.9289
"Henderson, NC",msa,NC,140275.388,183579.7973
"Aberdeen, SD",msa,SD,179766.7099,236760.97
"Rock Springs, WY",msa,WY,229333.9434,287327.2829
"Garden City, KS",msa,KS,179231.6526,230125.0856
"Stephenville, TX",msa,TX,230271.2684,341298.7092
"Celina, OH",msa,OH,185126.0549,267911.662
"Wilmington, OH",msa,OH,174765.2269,251236.0075
"Bucyrus, OH",msa,OH,110379.1018,157638.2261
"Alma, MI",msa,MI,139115.6727,179917.575
"El Campo, TX",msa,TX,220260.3564,243329.2375
"Mountain Home, AR",msa,AR,166263.7813,229094.88
"Gainesville, TX",msa,TX,242574.1031,320568.3307
"Tifton, GA",msa,GA,165682.5308,207498.2943
"Blytheville, AR",msa,AR,121738.2502,110634.5346
"McMinnville, TN",msa,TN,174268.015,256705.1906
"Astoria, OR",msa,OR,382108.0124,509173.9931
"Bradford, PA",msa,PA,97674.60,106450.6135
"Espa-¦ola, NM",msa,NM,273583.3917,342388.4871
"McComb, MS",msa,MS,110519.2541,105404.6468
"Big Stone Gap, VA",msa,VA,98612.87796,127813.6229
"Marshalltown, IA",msa,IA,141230.2932,189676.0732
"Big Rapids, MI",msa,MI,164283.0146,223023.3443
"Austin, MN",msa,MN,136815.0805,198998.8596
"Selinsgrove, PA",msa,PA,194885.2556,220764.3027
"West Plains, MO",msa,MO,134350.2067,215638.1399
"Okeechobee, FL",msa,FL,180510.7398,288649.7586
"Houghton, MI",msa,MI,133991.1378,185042.3335
"Moscow, ID",msa,ID,332003.0311,464963.52
"Clewiston, FL",msa,FL,177497.255,277460.756
"Riverton, WY",msa,WY,220929.0862,317943.5741
"El Dorado, AR",msa,AR,126631.3417,125883.1984
"Selma, AL",msa,AL,94116.1554,89794.55469
"Pittsburg, KS",msa,KS,97248.83227,135499.9221
"Hannibal, MO",msa,MO,140027.7059,209647.2352
"Warren, PA",msa,PA,103016.1252,134877.4367
"Alexandria, MN",msa,MN,249459.7776,337099.4715
"Urbana, OH",msa,OH,169427.2038,245715.6317
"Greenwood, MS",msa,MS,113174.6804,101037.14
"Cambridge, OH",msa,OH,123890.4823,161289.5188
"Williston, ND",msa,ND,294887.723,343443.2216
"Defiance, OH",msa,OH,133438.9634,181376.8882
"Sikeston, MO",msa,MO,144002.7932,159685.0987
"Safford, AZ",msa,AZ,224989.7685,305498.4465
"Jacksonville, IL",msa,IL,107326.82,122538.6063
"Ada, OK",msa,OK,135448.188,186262.8285
"Brownwood, TX",msa,TX,149150.5619,182913.7983
"Crawfordsville, IN",msa,IN,150309.6311,217140.5639
"Logansport, IN",msa,IN,114065.9157,166710.9647
"Scottsbluff, NE",msa,NE,139746.4948,195510.0259
"Natchitoches, LA",msa,LA,185177.5185,169865.8936
"Newberry, SC",msa,SC,187725.1604,219237.5211
"Lock Haven, PA",msa,PA,153276.167,194169.17
"Centralia, IL",msa,IL,91374.53854,117463.4841
"Easton, MD",msa,MD,374246.5937,493201.4891
"Owatonna, MN",msa,MN,208623.7709,292371.1839
"Mount Vernon, IL",msa,IL,110938.8475,134875.0441
"Laramie, WY",msa,WY,272370.3429,371054.9959
"Murray, KY",msa,KY,169462.8994,165376.7391
"Fremont, NE",msa,NE,165768.0774,242329.2963
"Bennington, VT",msa,VT,271600.614,368325.9791
"Sault Ste. Marie, MI",msa,MI,152758.3967,192500.78
"Campbellsville, KY",msa,KY,133320.9143,202256.7748
"Dyersburg, TN",msa,TN,140798.2124,171189.6343
"Escanaba, MI",msa,MI,128293.2723,197788.86
"Mayfield, KY",msa,KY,112313.0187,167085.3718
"Kill Devil Hills, NC",msa,NC,396894.4281,600622.9662
"Sulphur Springs, TX",msa,TX,231084.22,260706.7264
"Hutchinson, MN",msa,MN,207512.6032,291847.1253
"Coshocton, OH",msa,OH,128341.9319,184374.9908
"Huntington, IN",msa,IN,138882.8958,204661.3428
"DeRidder, LA",msa,LA,222316.8337,187233.5727
"Vincennes, IN",msa,IN,104883.3926,153848.4997
"Bay City, TX",msa,TX,171654.9903,203749.7164
"North Platte, NE",msa,NE,156806.7357,216918.8406
"Peru, IN",msa,IN,104870.7924,157517.0752
"Pontiac, IL",msa,IL,107339.8239,163492.64
"Lebanon, MO",msa,MO,162242.9255,234678.7114
"Newport, TN",msa,TN,172885.894,244577.9128
"Decatur, IN",msa,IN,158822.1821,245079.2913
"Vidalia, GA",msa,GA,122818.6375,169801.0176
"Brenham, TX",msa,TX,293717.5339,368913.4783
"Vernal, UT",msa,UT,227139.5434,352846.6964
"Ottumwa, IA",msa,IA,92907.9502,127580.7768
"Butte, MT",msa,MT,168241.8102,280545.5423
"Corinth, MS",msa,MS,141613.1211,181273.7469
"Brookhaven, MS",msa,MS,162957.3982,168135.1688
"Emporia, KS",msa,KS,135738.0924,184243.0488
"Jackson, WY",msa,WY,849137.06,1410017.172
"Big Spring, TX",msa,TX,173998.4626,144297.908
"Effingham, IL",msa,IL,164913.6929,211441.4796
"Dodge City, KS",msa,KS,135371.4654,209398.0775
"Watertown, SD",msa,SD,245440.8973,334277.5325
"Angola, IN",msa,IN,213531.5611,313128.8753
"Dixon, IL",msa,IL,127752.9611,174162.1933
"Laurinburg, NC",msa,NC,95841.81585,145287.9744
"Taos, NM",msa,NM,409352.4201,436539.391
"Brookings, SD",msa,SD,225575.0821,312509.7501
"Americus, GA",msa,GA,105181.2367,139247.6906
"Columbus, NE",msa,NE,199409.5645,276540.9675
"Taylorville, IL",msa,IL,94369.56594,128580.322
"Arcadia, FL",msa,FL,176773.324,250825.2014
"Lewisburg, TN",msa,TN,229409.7617,330086.7917
"Seneca Falls, NY",msa,NY,146933.0963,216695.5967
"Dickinson, ND",msa,ND,250215.2093,315487.8664
"Washington, IN",msa,IN,162633.0428,232435.1115
"Troy, AL",msa,AL,148614.1157,164614.2474
"Malvern, AR",msa,AR,140146.9002,161674.7818
"Frankfort, IN",msa,IN,143313.8436,220987.5437
"Madison, IN",msa,IN,154661.5617,235995.961
"Brevard, NC",msa,NC,305642.0364,474891.9707
"Susanville, CA",msa,CA,208070.2857,231085.4873
"Martin, TN",msa,TN,120937.3817,188523.2294
"Plainview, TX",msa,TX,119492.5085,118924.5291
"Dayton, TN",msa,TN,182607.2092,261349.9942
"Jackson, OH",msa,OH,125067.9943,143125.564
"Cambridge, MD",msa,MD,205269.623,274332.1971
"Paris, TN",msa,TN,146844.2973,219592.2318
"Juneau, AK",msa,AK,385741.9607,470629.8991
"Coffeyville, KS",msa,KS,71325.38096,97414.42982
"Las Vegas, NM",msa,NM,200411.0947,257447.4543
"Berlin, NH",msa,NH,157525.9192,251353.2154
"Cleveland, MS",msa,MS,169696.0495,124646.4044
"Hastings, NE",msa,NE,158573.8653,208908.9495
"Beeville, TX",msa,TX,193026.2588,172075.4449
"Kingsville, TX",msa,TX,136474.8285,151355.2863
"Wabash, IN",msa,IN,129309.9679,187673.9129
"Breckenridge, CO",msa,CO,771413.0334,987682.8508
"Albert Lea, MN",msa,MN,134247.4133,191501.0597
"Sheridan, WY",msa,WY,318103.1935,437514.04
"Union City, TN",msa,TN,111335.6131,162441.7811
"Miami, OK",msa,OK,101347.6314,137091.6505
"Iron Mountain, MI",msa,MI,139912.6247,180115.0034
"Jesup, GA",msa,GA,150554.5669,210265.2303
"McPherson, KS",msa,KS,171357.4818,222474.3444
"Kirksville, MO",msa,MO,147321.1265,186609.9021
"Ludington, MI",msa,MI,189641.7839,264160.1339
"Bainbridge, GA",msa,GA,127614.6025,172974.709
"Alpena, MI",msa,MI,127255.6615,189280.6349
"Washington Court House, OH",msa,OH,174646.8495,235389.9177
"Hays, KS",msa,KS,179836.6793,241342.092
"Fort Morgan, CO",msa,CO,265563.3019,327897.2828
"Van Wert, OH",msa,OH,120499.1381,182758.9628
"Kennett, MO",msa,MO,96718.12287,94241.89068
"Weatherford, OK",msa,OK,128921.0911,177254.3957
"Mountain Home, ID",msa,ID,243282.6232,355644.6079
"Mineral Wells, TX",msa,TX,212867.1246,281968.838
"Lincoln, IL",msa,IL,115555.40,136874.4357
"Silver City, NM",msa,NM,172672.103,188050.3608
"Elkins, WV",msa,WV,122665.9795,158923.157
"Macomb, IL",msa,IL,84449.46407,92995.22
"Camden, AR",msa,AR,107419.1016,106736.4752
"Crescent City, CA",msa,CA,302021.308,366306.9976
"North Vernon, IN",msa,IN,148255.8197,223975.3444
"Thomaston, GA",msa,GA,109299.7621,182631.9906
"Grants, NM",msa,NM,113953.3665,154534.2845
"Bennettsville, SC",msa,SC,107912.8283,83229.30359
"Fredericksburg, TX",msa,TX,404106.053,510034.0573
"Toccoa, GA",msa,GA,154164.3702,240413.19
"The Dalles, OR",msa,OR,305502.8575,398082.8313
"Greensburg, IN",msa,IN,176449.5992,255697.7322
"Indianola, MS",msa,MS,119388.5987,100453.7847
"La Grande, OR",msa,OR,225267.3306,330792.8054
"Ottawa, KS",msa,KS,166634.6755,257447.76
"New Ulm, MN",msa,MN,166268.6349,241159.3259
"Lexington, NE",msa,NE,156073.5728,211687.5335
"Great Bend, KS",msa,KS,79754.51315,120210.9074
"Spearfish, SD",msa,SD,317517.1533,449311.6696
"Wauchula, FL",msa,FL,149672.5711,238867.7501
"Marshall, MN",msa,MN,161175.1476,214015.9984
"Deming, NM",msa,NM,138018.411,161960.0498
"Mexico, MO",msa,MO,120795.862,184381.4082
"Fallon, NV",msa,NV,283587.3518,391084.171
"Altus, OK",msa,OK,86651.6391,111167.5877
"Uvalde, TX",msa,TX,179633.7974,196189.1683
"Hailey, ID",msa,ID,589185.3495,1046797.831
"Steamboat Springs, CO",msa,CO,659610.2159,1124089.346
"Summerville, GA",msa,GA,129951.092,175858.8296
"Moberly, MO",msa,MO,121863.2998,176866.5955
"Middlesborough, KY",msa,KY,128737.6219,98621.06488
"Woodward, OK",msa,OK,116204.6829,130639.2744
"Prineville, OR",msa,OR,350712.7845,469726.8182
"Hood River, OR",msa,OR,533302.0835,687132.37
"Forrest City, AR",msa,AR,89836.13919,81453.40257
"Connersville, IN",msa,IN,100029.277,159761.4963
"Mitchell, SD",msa,SD,179461.4195,254225.2317
"Marshall, MO",msa,MO,157091.4706,177080.9274
"Brookings, OR",msa,OR,375935.0366,449993.186
"Yankton, SD",msa,SD,214203.8875,274936.6783
"Wahpeton, ND",msa,ND,173050.8291,221039.9676
"Magnolia, AR",msa,AR,154999.7567,136161.4329
"Elk City, OK",msa,OK,115624.80,150781.72
"Liberal, KS",msa,KS,121808.1681,145452.9865
"Worthington, MN",msa,MN,164511.33,235071.9398
"Oskaloosa, IA",msa,IA,135412.67,194967.4935
"Pampa, TX",msa,TX,92852.4004,100807.0774
"Clarksdale, MS",msa,MS,65383.68484,47488.21751
"Sterling, CO",msa,CO,191568.3937,253105.6909
"Beatrice, NE",msa,NE,136815.1481,196281.9478
"Jamestown, ND",msa,ND,187583.7786,224526.3087
"Levelland, TX",msa,TX,154234.4811,167661.3795
"Grenada, MS",msa,MS,111937.974,132559.1318
"Maryville, MO",msa,MO,158619.4156,220422.80
"Arkadelphia, AR",msa,AR,122968.8329,163230.9956
"Dumas, TX",msa,TX,153124.6067,185861.6264
"Guymon, OK",msa,OK,125139.4494,164927.2811
"Borger, TX",msa,TX,108811.8342,119885.3908
"Pierre, SD",msa,SD,217326.87,292324.5905
"Huron, SD",msa,SD,156088.1397,188652.4053
"Storm Lake, IA",msa,IA,139982.897,186353.0386
"Cordele, GA",msa,GA,105816.694,133769.35
"Evanston, WY",msa,WY,217301.4527,327843.1777
"Raymondville, TX",msa,TX,231392.9715,187329.0193
"Port Lavaca, TX",msa,TX,179694.3775,203463.5523
"Othello, WA",msa,WA,219289.5061,308965.6765
"Vineyard Haven, MA",msa,MA,978654.47,1532623.98
"Parsons, KS",msa,KS,76781.68583,94153.42527
"Price, UT",msa,UT,168778.0297,279717.284
"Portales, NM",msa,NM,140667.1451,146147.9192
"Los Alamos, NM",msa,NM,428999.2917,582332.0868
"Hereford, TX",msa,TX,139829.3718,176133.8869
"Andrews, TX",msa,TX,224853.5318,260421.0217
"Spirit Lake, IA",msa,IA,276844.9338,375013.9605
"Fitzgerald, GA",msa,GA,89765.22864,123712.6822
"Winnemucca, NV",msa,NV,241580.5139,346394.0262
"Maysville, KY",msa,KY,112126.6726,166866.6292
"Snyder, TX",msa,TX,131707.5289,142976.0569
"Helena, AR",msa,AR,68961.47194,50147.72034
"Spencer, IA",msa,IA,139593.9387,189270.1391
"Atchison, KS",msa,KS,116440.6821,181055.1497
"Fairfield, IA",msa,IA,137861.0417,182152.6513
"Vermillion, SD",msa,SD,189435.54,284388.2132
"Sweetwater, TX",msa,TX,131407.2226,111683.637
"Pecos, TX",msa,TX,261283.8024,169710.2841
"Zapata, TX",msa,TX,162653.596,131019.5125
"Ketchikan, AK",msa,AK,324916.0107,393126.319
"Craig, CO",msa,CO,203733.6796,301863.2265
"Vernon, TX",msa,TX,110736.3309,99552.4663
"Lamesa, TX",msa,TX,119883.9595,111271.2933
